idx,prompt,true_completion,generated,true_len,gen_len
86178,<COPY_UNK> <AMR_AMPICILLIN> <AMR_PUROMYCIN> <ORI_COLE1> <PROM_AMPR> <PROM_CMV> <PROM_T7> <VEC_MAMMALIAN> <SPECIES_HUMAN> <ELEM_CMV_ENHANCER> <GC_MED> <SIZE_MED>,CTGAATATGGGCCAAACAGGATATCTGTGGTAAGCAGTTCCTGCCCCGGCTCAGGGCCAAGAACAGATGGAACAGCTGAATATGGGCCAAACAGGATATCTGTGGTAAGCAGTTCCTGCCCCGGCTCAGGGCCAAGAACAGATGGTCCCCAGATGCGGTCCAGCCCTCAGCAGTTTCTAGAGAACCATCAGATGTTTCCA...,AAGCTGCCCGGCCTGTCCACCTTAGCCACCTCTCCATCCTCTTGCTTACTCTGTAGCTAGCCAGAGCATCATCGCCTACACCATGAGCCTGGGCGCTGAAAACAGCGTTCAGGACATCTACGGGATTATTGATGGCGGTGGTGGCGGCGCTCGCGGGCTAGCGCCACCATGTTCGTGTTCCGTACTCCCAACGGCATGGA...,8596,512
63143,<COPY_UNK> <AMR_AMPICILLIN> <AMR_OTHER> <ORI_OTHER> <PROM_AMPR> <VEC_BACTERIAL> <VEC_CRISPR> <ELEM_TRACRRNA> <GC_MED> <SIZE_MED>,GTTGGGAGTAGGTGGCTACGTCTCCGAACTCACGACCGAAAAGATCAAGAGCAGCCCGCATGGATTTGACTTGGTCAGGGCCGAGCCTACATGTGCGAATGATGCCCATACTTGAGCCACCTAACTTTGTTTTAGGGCGACTGCCCTGCTGCGTAACATCGTTGCTGCTGCGTAACATCGTTGCTGCTCCATAACATCAA...,GCCGCCACCATGGCTGATGCAGTCACCTCTGACAAGGATAGTGCTGTAGGCGTGAGGTGCTGGCGTTGGCATGGGCTGGGACCCTGCTGGAGCGGGCGGGCTCCCAGGACGTGAAGCTGCTGGAGGGCCTGGAGCGACCCGCCACGGCGCGGGACATGGCGGTCATGGTGGCCGGCACGAACTGGACCTTGGGGGCCAGC...,9714,512
13941,<COPY_HIGH> <AMR_AMPICILLIN> <ORI_COLE1> <PROM_AMPR> <VEC_OTHER> <SPECIES_MOUSE> <GC_HIGH> <SIZE_MED>,GATCTGGGTCGACCAGTTGTTCCTTTGAGGTCCGGTTCTTTTCGTTATGGGGTCATTTTTGGGCCACCTCCCCAGGTATGACTTCCAGGTATTCTCTGTGGCCTGTCACTTTCCTCCCTGTCTCTTTTATGCTTGTGATCTTTTCTATCTGTTCCTATTGGACCTGGAGATAGGTACTGACACGCTGTCCTTTCCCTATT...,TCGCGCGTTTCGGTGATGACGGTGAAAACCTCTGACACATGCAGCTCCCGGAGACGGTCACAGCTTGTCTGTAAGCGGATGCCGGGAGCAGACAAGCCCGTCAGGGCGCGTCAGCGGGTGTTGGCGGGTGTCGGGGCTGGCTTAACTATGCGGCATCAGAGCAGATTGTACTGAGAGTGCACCATATGCGGTGTGAAATA...,9907,512
85633,<COPY_LOW> <AMR_KANAMYCIN> <ORI_P15A> <PROM_OTHER> <VEC_BACTERIAL> <SPECIES_SYNTHETIC> <GC_LOW> <SIZE_MED>,GAATTCGCGGCCGCTTCTAGAGTTGACAGCTAGCTCAGTCCTAGGGACTATGCTAGCTACTAGAGAAAGAGGAGAAATACTAGATGTCCAGATTAGATAAAAGTAAAGTGATTAACAGCGCATTAGAGCTGCTTAATGAGGTCGGAATCGAAGGTTTAACAACCCGTAAACTCGCCCAGAAGCTAGGTGTAGAGCAGCCT...,GGTACCGAGCTCGAATTCATCGATGATATCAGATCCACCTATGGAAAAACGGCTTTTCCCGGTATTTTTGACCGCCAAGAAACCAGGACACGAAACAAGATTGCCTTCACACTCGAAATAGAACAGCTAAAGGGTAGATCATGATATTCTTGTTTAAGCAACCTAACAGACAATTCTAGATATTTCTTGAATCATAAACA...,9776,512
44735,<COPY_LOW> <AMR_AMPICILLIN> <ORI_COLE1> <ORI_F1> <PROM_AMPR> <VEC_BACTERIAL> <SPECIES_HUMAN> <GC_MED> <SIZE_MED>,ATATCTCACTCGCAATCAAATTCAGCCGATAGCGGAACGGGAAGGCGACTGGAGTGCCATGTCCGGTTTTCAACAAACCATGCAAATGCTGAATGAGGGCATCGTTCCCACTGCGATGCTGGTTGCCAACGATCAGATGGCGCTGGGCGCAATGCGCGCCATTACCGAGTCCGGGCTGCGCGTTGGTGCGGATATCTCGG...,TTGACAATTAATCATCGGCTCGTATAATGTGTGGAATTGTGAGCGGATAACAATTTCACACAGGAAACAGCCAGTCCGTTTAGGTGTTTTCACGAGCACTTCACCAACAAGGACCATAGATTATGAAAATCGAAGAACACCATCACCATCACCATTCCAGCGGTAAGCTTATGTCCCCTATACTAGGTTATTGGAAAATT...,7443,512
56288,<COPY_HIGH> <AMR_CHLORAMPHENICOL> <ORI_COLE1> <PROM_OTHER> <VEC_SYNBIO> <VEC_YEAST> <SPECIES_OTHER> <GC_MED> <SIZE_SMALL>,TCGGTCTCAATCCGAATTTTATACTTAGATAAGTATGTACTTACACATAGATTTCTATGAGATACTGATGTATACATGCATGATAATATTTAAACGGTTATTAGTGCCGATTGTCTTATGCGATAATGACGTTCCTATCAAAGCAATACACTTACCACCTATTACATGGGCCAAGAAAAATATTTTGGAACTTGTTTAGA...,TCGGTCTCATAATAACTTGAGTTCACTTTTTTAATTTGTCTCCCAAATCTGCTAAAACATGATTAATTTTTGCCTCTATAATTAACGAGTTTTATTATTTCTGAGATATATTGTTCAAAAATAAATAAAAAATATTTCTATAAATTTATTAATTTAGGTATTTTTATTAATAATTTGATTTAAAATTTTGAAAAAAAAGT...,1919,512
115142,<COPY_HIGH> <AMR_KANAMYCIN> <ORI_COLE1> <ORI_F1> <ORI_SV40> <PROM_AMPR> <PROM_CMV> <PROM_SV40> <VEC_MAMMALIAN> <SPECIES_HUMAN> <REPORTER_EGFP> <ELEM_POLYA_SV40> <ELEM_CMV_ENHANCER> <GC_MED> <SIZE_MED>,ATAGGTGCTCTCCCTGCTGAGGGCTGGCTGTTGGCTTTGCTTAGTACCATGTGTGCATTGATCACTTCCAGAATATGTGTGGTGAACTCATTCATATCCTCCAGGGGCATGATCTTAAAGGCTACCAGGCTCTTTTTGTTCTGAAAAGATCTCAGGTGGCCTGCCACTTTCACATATGTTTCTGGAGGAACCACAGTGTT...,TAGTTATTAATAGTAATCAATTACGGGGTCATTAGTTCATAGCCCATATATGGAGTTCCGCGTTACATAACTTACGGTAAATGGCCCGCCTGGCTGACCGCCCAACGACCCCCGCCCATTGACGTCAATAATGACGTATGTTCCCATAGTAACGCCAATAGGGACTTTCCATTGACGTCAATGGGTGGAGTATTTACGGT...,5526,512
105112,<COPY_HIGH> <AMR_KANAMYCIN> <ORI_COLE1> <ORI_F1> <ORI_SV40> <PROM_AMPR> <PROM_CMV> <PROM_SV40> <PROM_T7> <VEC_MAMMALIAN> <SPECIES_HUMAN> <TAG_HIS> <ELEM_CMV_ENHANCER> <GC_MED> <SIZE_MED>,AACAAAATATTAACGCTTACAATTTCCATTCGCCATTCAGGCTGCGCAACTGTTGGGAAGGGCGATCGGTGCGGGCCTCTTCGCTATTACGCCAGCTGGCGAAAGGGGGATGTGCTGCAAGGCGATTAAGTTGGGTAACGCCAGGGTTTTCCCAGTCACGACGTTGTAAAACGACGGCCAGTGCCAAGCTGATCTATACA...,ATTCCGCCCATCCCGCCCCTAACTCCGCCCAGTTCCGCCCATTCTCCGCCCCATGGCTGACTAATTTTTTTTATTTATGCAGAGGCCGAGGCCGCCTCGGCCTCTGAGCTATTCCAGAAGTAGTGAGGAGGCTTTTTTGGAGGCCTAGGCTTTTGCAAAGATCGATCAAGAGACAGGATGAGGATCGTTTCGCATGATTG...,7412,512
137966,<COPY_HIGH> <AMR_AMPICILLIN> <ORI_COLE1> <PROM_AMPR> <PROM_CMV> <VEC_MAMMALIAN> <SPECIES_OTHER> <ELEM_POLYA_BGH> <ELEM_CMV_ENHANCER> <GC_MED> <SIZE_MED>,ATGTTCGTGTTTCTGGTTCTTCTTCCCCTGGTGTCTAGTCAGTGCGTCAACTTGACTACGCGAACACAGCTGCCCCCAGCCTACACCAATTCCTTTACACGAGGCGTCTACTATCCCGACAAGGTGTTCCGAAGCAGTGTTTTGCACTCCACGCAGGACCTTTTCTTGCCCTTCTTCTCAAATGTGACTTGGTTTCATGC...,ATGTTCGTGTTTCTGGTTCTGCTTCCCCTGGTCTCTAGTCAGTGCGTCAACTTGATCACGCGAACACAGAGCTACACCAATTCCTTTACACGAGGCGTCTACTATCCCGACAAGGTGTTCCGAAGCAGTGTTTTGCACTCCACGCAGGACCTTTTCTTGCCCTTCTTCTCAAATGTGACTTGGTTTCATGCAATACACGT...,7392,512
96986,<COPY_HIGH> <AMR_KANAMYCIN> <AMR_NEOMYCIN> <ORI_COLE1> <ORI_F1> <ORI_SV40> <PROM_AMPR> <PROM_CMV> <PROM_SV40> <VEC_MAMMALIAN> <SPECIES_SYNTHETIC> <ELEM_POLYA_SV40> <ELEM_CMV_ENHANCER> <GC_MED> <SIZE_SMALL>,CGTATTACCGCCATGCATTAGTTATTAATAGTAATCAATTACGGGGTCATTAGTTCATAGCCCATATATGGAGTTCCGCGTTACATAACTTACGGTAAATGGCCCGCCTGGCTGACCGCCCAACGACCCCCGCCCATTGACGTCAATAATGACGTATGTTCCCATAGTAACGCCAATAGGGACTTTCCATTGACGTCAAT...,CGTTACATAACTTACGGTAAATGGCCCGCCTGGCTGACCGCCCAACGACCCCCGCCCATTGACGTCAATAATGACGTATGTTCCCATAGTAACGCCAATAGGGACTTTCCATTGACGTCAATGGGTGGAGTATTTACGGTAAACTGCCCACTTGGCAGTACATCAAGTGTATCATATGCCAAGTACGCCCCCTATTGACG...,4522,512
28759,<COPY_UNK> <AMR_AMPICILLIN> <ORI_COLE1> <ORI_F1> <PROM_AMPR> <PROM_CMV> <PROM_LAC> <PROM_U6> <VEC_MAMMALIAN> <VEC_CRISPR> <VEC_SYNBIO> <VEC_AAV> <SPECIES_SYNTHETIC> <ELEM_POLYA_SV40> <ELEM_CMV_ENHANCER> <ELEM_GRNA_SCAFFOLD> <GC_MED> <SIZE_MED>,tttttgcggcattttgccttcctgtttttgctcacccagaaacgctggtgaaagtaaaagatgctgaagatcagttgggtgcacgagtgggttacatcgaactggatctcaatagtggtaagatccttgagagttttcgccccgaagaacgttttccaatgatgagcacttttaaagttctgctatgtggcgcggtatta...,TTTCAATACTGACGTCGAGGGAGTCCTGTGGCTGGAGGAGGAGGAGGAGCAAGTGGAGCAGGAAGAGGAGGAGGAGGAGGAGGAGGAGGAGGAGGAGGAGGAGGAGGAGGAGGAGGAGGAGGAGGAGGAGGAGGAGGAGGAGGAGGAGGAGGAGGAGGAGGCGGAGGCGGAGGCGGAGGGAGCGGCTCGAGGCCTTCGCG...,7479,512
63208,<COPY_HIGH> <AMR_CHLORAMPHENICOL> <ORI_COLE1> <PROM_T7> <PROM_SP6> <VEC_CRISPR> <SPECIES_SYNTHETIC> <ELEM_GRNA_SCAFFOLD> <GC_MED> <SIZE_SMALL>,GTTGACAATTAATCATCGGCATAGTATATCGGCATAGTATAATACGACAAGGTGAGGAACTAAACCGAGCGGATAACAATTTCACACAGGAAACAGCTATGACCATGATTACGCCAAGCTATTTAGGTGACACTATAGAATACTCAAGCTATGCAAGGCCCTTAAGGCCAAGGTCCACTGAGCGTCAGGTCTCAGTTTTA...,GCGCCAGGGTGGTTTTTCTTTTCACCAGTGAGACGGGCAACAGCTGATTGCCCTTCACCGCCTGGCCCTGAGAGAGTTGCAGCAAGCGGTCCACGCTGGTTTGCCCCAGCAGGCGAAAATCCTGTTTGATGGTGGTTAACGGCGGGATATAACATGAGCTGTCTTCGGTATCGTCGTATCCCACTACCGAGATATCCGCA...,3364,512
36952,<COPY_HIGH> <AMR_AMPICILLIN> <AMR_PUROMYCIN> <ORI_COLE1> <ORI_F1> <ORI_SV40> <PROM_AMPR> <PROM_LAC> <PROM_T7> <PROM_EF1A> <PROM_RSV> <VEC_MAMMALIAN> <VEC_LENTIVIRAL> <SPECIES_HUMAN> <TAG_V5> <ELEM_POLYA_SV40> <ELEM_WPRE> <ELEM_CPPT> <ELEM_PSI> <ELEM_LTR_5> <ELEM_LTR_3> <GC_MED> <SIZE_LARGE>,GGCTCGAGGCCTGCAGGTGCAAAGATGGATAAAGTTTTAAACAGAGAGGAATCTTTGCAGCTAATGGACCTTCTAGGTCTTGAAAGGAGTGGGAATTGGCTCCGGTGCCCGTCAGTGGGCAGAGCGCACATCGCCCACAGTCCCCGAGAAGTTGGGGGGAGGGGTCGGCAATTGAACCGGTGCCTAGAGAAGGTGGCGCG...,TTAATGTAGTCTTATGCAATACTCTTGTAGTCTTGCAACATGGTAACGATGAGTTAGCAACATGCCTTACAAGGAGAGAAAAAGCACCGTGCATGCCGATTGGTGGAAGTAAGGTGGTACGATCGTGCCTTATTAGGAAGGCAACAGACGGGTCTGACATGGATTGGACGAACCACTGAATTGCCGCATTGCAGAGATAT...,10704,512
21601,<COPY_HIGH> <AMR_AMPICILLIN> <ORI_COLE1> <ORI_F1> <ORI_SV40> <PROM_AMPR> <PROM_CMV> <PROM_SV40> <PROM_LAC> <PROM_T7> <VEC_MAMMALIAN> <SPECIES_SYNTHETIC> <ELEM_POLYA_SV40> <ELEM_POLYA_BGH> <ELEM_CMV_ENHANCER> <GC_MED> <SIZE_MED>,GACATTGATTATTGACTAGTTATTAATAGTAATCAATTACGGGGTCATTAGTTCATAGCCCATATATGGAGTTCCGCGTTACATAACTTACGGTAAATGGCCCGCCTGGCTGACCGCCCAACGACCCCCGCCCATTGACGTCAATAATGACGTATGTTCCCATAGTAACGCCAATAGGGACTTTCCATTGACGTCAATGG...,GACGGATCGGGAGATCTCCCGATCCCCTATGGTGCACTCTCAGTACAATCTGCTCTGATGCCGCATAGTTAAGCCAGTATCTGCTCCCTGCTTGTGTGTTGGAGGTCGCTGAGTAGTGCGCGAGCAAAATTTAAGCTACAACAAGGCAAGGCTTGACCGACAATTGCATGAAGAATCTGCTTAGGGTTAGGCGTTTTGCG...,6052,512
98057,<COPY_HIGH> <AMR_KANAMYCIN> <ORI_COLE1> <ORI_F1> <PROM_T7> <VEC_BACTERIAL> <SPECIES_HUMAN> <GC_MED> <SIZE_MED>,TGGCGAATGGGACGCGCCCTGTAGCGGCGCATTAAGCGCGGCGGGTGTGGTGGTTACGCGCAGCGTGACCGCTACACTTGCCAGCGCCCTAGCGCCCGCTCCTTTCGCTTTCTTCCCTTCCTTTCTCGCCACGTTCGCCGGCTTTCCCCGTCAAGCTCTAAATCGGGGGCTCCCTTTAGGGTTCCGATTTAGTGCTTTAC...,TGGCGAATGGGACGCGCCCTGTAGCGGCGCATTAAGCGCGGCGGGTGTGGTGGTTACGCGCAGCGTGACCGCTACACTTGCCAGCGCCCTAGCGCCCGCTCCTTTCGCTTTCTTCCCTTCCTTTCTCGCCACGTTCGCCGGCTTTCCCCGTCAAGCTCTAAATCGGGGGCTCCCTTTAGGGTTCCGATTTAGTGCTTTAC...,8215,512
61543,<COPY_HIGH> <AMR_KANAMYCIN> <ORI_COLE1> <PROM_T7> <VEC_MAMMALIAN> <SPECIES_HUMAN> <GC_MED> <SIZE_SMALL>,CTTTCCTGCGTTATCCCCTGATTCTGTGGATAACCGTATTACCGCCTTTGAGTGAGCTGATACCGCTCGCCGCAGCCGAACGACCGAGCGCAGCGAGTCAGTGAGCGAGGAAGCGGAAGAGCGCCCAATACGCAAACCGCCTCTCCCCGCGCGTTGGCCGATTCATTAATGCAGCTGGCACGACAGGTTTCCCGACTGGA...,CTTTCCTGCGTTATCCCCTGATTCTGTGGATAACCGTATTACCGCCTTTGAGTGAGCTGATACCGCTCGCCGCAGCCGAACGACCGAGCGCAGCGAGTCAGTGAGCGAGGAAGCGGAAGAGCGCCCAATACGCAAACCGCCTCTCCCCGCGCGTTGGCCGATTCATTAATGCAGCTGGCACGACAGGTTTCCCGACTGGA...,4032,512
5356,<COPY_UNK> <AMR_AMPICILLIN> <AMR_CHLORAMPHENICOL> <AMR_OTHER> <ORI_COLE1> <ORI_F1> <ORI_SV40> <PROM_AMPR> <PROM_CMV> <PROM_SV40> <PROM_LAC> <VEC_MAMMALIAN> <VEC_LENTIVIRAL> <VEC_RNAI> <SPECIES_OTHER> <ELEM_POLYA_SV40> <ELEM_POLYA_BGH> <ELEM_CMV_ENHANCER> <ELEM_WPRE> <ELEM_CPPT> <ELEM_PSI> <ELEM_IRES> <ELEM_LTR_5> <GC_MED> <SIZE_LARGE>,GTCGACGGATCGGGAGATCTCCCGATCCCCTATGGTGCACTCTCAGTACAATCTGCTCTGATGCCGCATAGTTAAGCCAGTATCTGCTCCCTGCTTGTGTGTTGGAGGTCGCTGAGTAGTGCGCGAGCAAAATTTAAGCTACAACAAGGCAAGGCTTGACCGACAATTGCATGAAGAATCTGCTTAGGGTTAGGCGTTTT...,GACGGATCGGGAGATCTCCCGATCCCCTATGGTGCACTCTCAGTACAATCTGCTCTGATGCCGCATAGTTAAGCCAGTATCTGCTCCCTGCTTGTGTGTTGGAGGTCGCTGAGTAGTGCGCGAGCAAAATTTAAGCTACAACAAGGCAAGGCTTGACCGACAATTGCATGAAGAATCTGCTTAGGGTTAGGCGTTTTGCG...,13170,512
18983,<COPY_HIGH> <AMR_AMPICILLIN> <ORI_COLE1> <PROM_AMPR> <VEC_BACTERIAL> <SPECIES_OTHER> <GC_MED> <SIZE_MED>,tcgcgcgtttcggtgatgacggtgaaaacctctgacacatgcagctcccggagacggtcacagcttgtctgtaagcggatgccgggagcagacaagcccgtcagggcgcgtcagcgggtgttggcgggtgtcggggctggcttaactatgcggcatcagagcagattgtactgagagtgcaccatatgcggtgtgaaata...,TTGAGATCCTTTTTTTCTGCGCGTAATCTGCTGCTTGCAAACAAAAAAACCACCGCTACCAGCGGTGGTTTGTTTGCCGGATCAAGAGCTACCAACTCTTTTTCCGAAGGTAACTGGCTTCAGCAGAGCGCAGATACCAAATACTGTCCTTCTAGTGTAGCCGTAGTTAGGCCACCACTTCAAGAACTCTGTAGCACCGC...,5707,512
44167,<COPY_HIGH> <AMR_AMPICILLIN> <ORI_COLE1> <ORI_F1> <PROM_AMPR> <PROM_LAC> <PROM_T7> <VEC_BACTERIAL> <VEC_YEAST> <SPECIES_YEAST> <GC_MED> <SIZE_SMALL>,TTCGGGGAAATGTGCGCGGAACCCCTATTTGTTTATTTTTCTAAATACATTCAAATATGTATCCGCTCATGAGACAATAACCCTGATAAATGCTTCAATAATATTGAAAAAGGAAGAGTATGAGTATTCAACATTTCCGTGTCGCCCTTATTCCCTTTTTTGCGGCATTTTGCCTTCCTGTTTTTGCTCACCCAGAAACG...,ctgcattacatcccaggaacttgaagtctttcgaaaaatcttttacctgcctgttgtgcatatggagatttaccggaaagacctatgatgagggcgcgaaaatgtattggtgtttatattggtctggaaagcagggaagaaggaattgaagactagcgacaaaagtcagcatagcggagtggggtggttttaaaagtgac...,4781,512
63092,<COPY_HIGH> <AMR_KANAMYCIN> <ORI_COLE1> <ORI_F1> <PROM_T7> <VEC_BACTERIAL> <SPECIES_HUMAN> <GC_MED> <SIZE_MED>,TGGCGAATGGGACGCGCCCTGTAGCGGCGCATTAAGCGCGGCGGGTGTGGTGGTTACGCGCAGCGTGACCGCTACACTTGCCAGCGCCCTAGCGCCCGCTCCTTTCGCTTTCTTCCCTTCCTTTCTCGCCACGTTCGCCGGCTTTCCCCGTCAAGCTCTAAATCGGGGGCTCCCTTTAGGGTTCCGATTTAGTGCTTTAC...,GCAAGCTCACCCTGAAGTTCATCTGCACCACCGGCAAGCTGCCCGTGCCCTGGCCCACCCTCGTGACCACCCTGACCTACGGCGTGCAGTGCTTCAGCCGCTACCCCGACCACATGAAGCAGCACGACTTCTTCAAGTCCGCCATGCCCGAAGGCTACGTCCAGGAGCGCACCATCTTCTTCAAGGACGACGGCAACTAC...,7229,512
